{"cameraMode":{"drawMode":0,"name":"Shaded","section":"Shading Mode"},"sceneLighting":true,"audioPlay":false,"sceneViewState":{"showFog":true,"showMaterialUpdate":false,"showSkybox":true,"showFlares":true,"showImageEffects":true,"showParticleSystems":true},"in2DMode":false,"pivot":{"x":2.366138458251953,"y":5.063963890075684,"z":-9.629404067993164},"rotation":{"x":0.3430769741535187,"y":-0.447285920381546,"z":0.19095848500728608,"w":0.8036006093025208},"size":1.900280475616455,"orthographic":true}